,country,Year,OBS_VALUE,value
0,Albania,2000,46.98,
1,Albania,2001,52.8,0.1238825031928481
2,Albania,2002,62.78,0.1890151515151517
3,Albania,2003,67.06,0.06817457789104808
4,Albania,2004,74.9,0.1169102296450939
5,Albania,2005,85.48,0.14125500667556734
6,Albania,2006,96.26,0.12611137108095472
7,Albania,2007,113.04,0.17431955121545806
8,Albania,2008,131.38,0.16224345364472748
9,Albania,2009,137.32,0.045212361089967956
10,Albania,2010,130.47,-0.049883483833381814
11,Albania,2011,136.92,0.04943665210393178
12,Albania,2012,143.96,0.051416885772714194
13,Albania,2013,150.44,0.04501250347318697
14,Albania,2014,156.92,0.043073650624833704
15,Albania,2015,156.99,0.00044608717818017674
16,Albania,2016,160.26,0.020829352188037387
17,Albania,2017,162.69,0.015162860351928265
18,Albania,2018,180.52,0.10959493515274454
19,Albania,2019,210.66,0.16696210946155543
20,Albania,2020,213.45,0.013244090002848097
21,Albania,2021,242.52,0.13619114546732258
22,Albania,2022,248.43,0.024369124195942504
23,Austria,1999,,
24,Austria,2000,,
25,Austria,2001,,
26,Austria,2002,,
27,Austria,2003,,
28,Austria,2004,,
29,Austria,2005,,
30,Austria,2006,,
31,Austria,2007,,
32,Austria,2008,,
33,Austria,2009,,
34,Austria,2010,,
35,Austria,2011,,
36,Austria,2012,,
37,Austria,2013,,
38,Austria,2014,,
39,Austria,2015,,
40,Austria,2016,,
41,Austria,2017,,
42,Austria,2018,,
43,Austria,2019,,
44,Austria,2020,,
45,Austria,2021,,
46,Belgium,1999,1074.44,
47,Belgium,2000,1095.89,0.019963888164997723
48,Belgium,2001,1117.88,0.02006588252470598
49,Belgium,2002,1140.24,0.020002146920957475
50,Belgium,2003,1163.02,0.01997825019294175
51,Belgium,2004,1186.31,0.02002545098106645
52,Belgium,2005,1210.0,0.019969485210442617
53,Belgium,2006,1234.0,0.01983471074380172
54,Belgium,2007,1259.0,0.020259319286871857
55,Belgium,2008,1309.6,0.04019062748212865
56,Belgium,2009,1387.5,0.059483811850946866
57,Belgium,2010,1387.5,0.0
58,Belgium,2011,1415.24,0.019992792792792757
59,Belgium,2012,1443.54,0.019996608349113876
60,Belgium,2013,1501.82,0.040372971999390384
61,Belgium,2014,1501.82,0.0
62,Belgium,2015,1501.82,0.0
63,Belgium,2016,1501.82,0.0
64,Belgium,2017,1531.93,0.020049007204591796
65,Belgium,2018,1562.59,0.020013969306691415
66,Belgium,2019,1593.81,0.019979649172207736
67,Belgium,2020,1593.81,0.0
68,Belgium,2021,1625.72,0.02002120704475452
69,Belgium,2022,1658.23,0.019997293506876845
70,Bulgaria,1999,31.19,
71,Bulgaria,2000,34.26,0.0984289836486052
72,Bulgaria,2001,40.42,0.17980151780502052
73,Bulgaria,2002,51.38,0.2711528946066304
74,Bulgaria,2003,56.28,0.0953678474114441
75,Bulgaria,2004,61.36,0.0902629708599858
76,Bulgaria,2005,76.69,0.24983702737940017
77,Bulgaria,2006,81.79,0.06650149954361728
78,Bulgaria,2007,92.03,0.1251986795451765
79,Bulgaria,2008,112.49,0.22231880908399426
80,Bulgaria,2009,122.71,0.09085252022402002
81,Bulgaria,2010,122.71,0.0
82,Bulgaria,2011,122.71,0.0
83,Bulgaria,2012,138.05,0.12501018661885754
84,Bulgaria,2013,158.5,0.14813473379210418
85,Bulgaria,2014,173.84,0.09678233438485817
86,Bulgaria,2015,184.07,0.05884721583064878
87,Bulgaria,2016,214.75,0.16667572119302454
88,Bulgaria,2017,235.2,0.09522700814901053
89,Bulgaria,2018,260.76,0.10867346938775513
90,Bulgaria,2019,286.33,0.09805951833103244
91,Bulgaria,2020,311.89,0.08926762826109735
92,Bulgaria,2021,332.34,0.06556798871396974
93,Bulgaria,2022,332.34,0.0
94,Switzerland,1999,,
95,Switzerland,2000,,
96,Switzerland,2001,,
97,Switzerland,2002,,
98,Switzerland,2003,,
99,Switzerland,2004,,
100,Switzerland,2005,,
101,Switzerland,2006,,
102,Switzerland,2007,,
103,Switzerland,2008,,
104,Switzerland,2009,,
105,Switzerland,2010,,
106,Switzerland,2011,,
107,Switzerland,2012,,
108,Switzerland,2013,,
109,Switzerland,2014,,
110,Switzerland,2015,,
111,Switzerland,2016,,
112,Switzerland,2017,,
113,Switzerland,2018,,
114,Switzerland,2019,,
115,Switzerland,2020,,
116,Switzerland,2021,,
117,Cyprus,1999,,
118,Cyprus,2000,,
119,Cyprus,2001,,
120,Cyprus,2002,,
121,Cyprus,2003,,
122,Cyprus,2004,,
123,Cyprus,2005,,
124,Cyprus,2006,,
125,Cyprus,2007,,
126,Cyprus,2008,,
127,Cyprus,2009,,
128,Cyprus,2010,,
129,Cyprus,2011,,
130,Cyprus,2012,,
131,Cyprus,2013,,
132,Cyprus,2014,,
133,Cyprus,2015,,
134,Cyprus,2016,,
135,Cyprus,2017,,
136,Cyprus,2018,,
137,Cyprus,2019,,
138,Cyprus,2020,,
139,Cyprus,2021,,
140,Czech Republic,1999,92.35,
141,Czech Republic,2000,110.79,0.19967514889009208
142,Czech Republic,2001,142.67,0.28775160213015605
143,Czech Republic,2002,178.34,0.2500175229550712
144,Czech Republic,2003,196.35,0.10098687899517778
145,Czech Republic,2004,206.73,0.052864782276546896
146,Czech Republic,2005,235.85,0.1408600590141731
147,Czech Republic,2006,261.03,0.10676277294890801
148,Czech Republic,2007,291.07,0.11508255756043373
149,Czech Republic,2008,300.44,0.03219156903837561
150,Czech Republic,2009,297.67,-0.009219810943948858
151,Czech Republic,2010,302.19,0.015184600396412007
152,Czech Republic,2011,319.22,0.056355273172507436
153,Czech Republic,2012,310.23,-0.02816239583985969
154,Czech Republic,2013,318.08,0.025303806852979838
155,Czech Republic,2014,309.91,-0.025685362173038073
156,Czech Republic,2015,331.71,0.07034300280726646
157,Czech Republic,2016,366.35,0.10442856712188364
158,Czech Republic,2017,407.09,0.11120513170465385
159,Czech Republic,2018,477.78,0.1736471050627626
160,Czech Republic,2019,518.97,0.0862112269245261
161,Czech Republic,2020,574.62,0.10723163188623608
162,Czech Republic,2021,579.22,0.008005290452820946
163,Czech Republic,2022,651.7,0.12513380062843127
164,Germany,1999,,
165,Germany,2000,,
166,Germany,2001,,
167,Germany,2002,,
168,Germany,2003,,
169,Germany,2004,,
170,Germany,2005,,
171,Germany,2006,,
172,Germany,2007,,
173,Germany,2008,,
174,Germany,2009,,
175,Germany,2010,,
176,Germany,2011,,
177,Germany,2012,,
178,Germany,2013,,
179,Germany,2014,,
180,Germany,2015,1444.0,
181,Germany,2016,1444.0,0.0
182,Germany,2017,1506.0,0.04293628808864258
183,Germany,2018,1506.0,0.0
184,Germany,2019,1561.0,0.03652058432934924
185,Germany,2020,1544.0,-0.010890454836643193
186,Germany,2021,1569.0,0.016191709844559643
187,Germany,2022,1621.0,0.03314212874442313
188,Denmark,1999,,
189,Denmark,2000,,
190,Denmark,2001,,
191,Denmark,2002,,
192,Denmark,2003,,
193,Denmark,2004,,
194,Denmark,2005,,
195,Denmark,2006,,
196,Denmark,2007,,
197,Denmark,2008,,
198,Denmark,2009,,
199,Denmark,2010,,
200,Denmark,2011,,
201,Denmark,2012,,
202,Denmark,2013,,
203,Denmark,2014,,
204,Denmark,2015,,
205,Denmark,2016,,
206,Denmark,2017,,
207,Denmark,2018,,
208,Denmark,2019,,
209,Denmark,2020,,
210,Denmark,2021,,
211,Estonia,1999,79.89,
212,Estonia,2000,89.48,0.12004005507572924
213,Estonia,2001,102.26,0.14282521233795253
214,Estonia,2002,118.24,0.15626833561509867
215,Estonia,2003,138.05,0.1675405953991882
216,Estonia,2004,158.5,0.14813473379210418
217,Estonia,2005,171.92,0.08466876971608817
218,Estonia,2006,191.73,0.11522801302931596
219,Estonia,2007,230.08,0.20002086267146524
220,Estonia,2008,278.02,0.20836230876216955
221,Estonia,2009,278.02,0.0
222,Estonia,2010,278.02,0.0
223,Estonia,2011,278.02,0.0
224,Estonia,2012,290.0,0.04309042514926986
225,Estonia,2013,320.0,0.10344827586206895
226,Estonia,2014,355.0,0.109375
227,Estonia,2015,390.0,0.09859154929577474
228,Estonia,2016,430.0,0.10256410256410264
229,Estonia,2017,470.0,0.09302325581395343
230,Estonia,2018,500.0,0.06382978723404253
231,Estonia,2019,540.0,0.08000000000000007
232,Estonia,2020,584.0,0.08148148148148149
233,Estonia,2021,584.0,0.0
234,Estonia,2022,654.0,0.11986301369863006
235,Greece,1999,505.06,
236,Greece,2000,526.05,0.04155941868292867
237,Greece,2001,543.55,0.03326679973386559
238,Greece,2002,571.71,0.05180756140189513
239,Greece,2003,606.52,0.06088751289989669
240,Greece,2004,630.77,0.03998219349732901
241,Greece,2005,667.68,0.05851578229782639
242,Greece,2006,709.71,0.06294931703810214
243,Greece,2007,730.3,0.029011849910526744
244,Greece,2008,794.02,0.0872518143228811
245,Greece,2009,817.83,0.02998665021032232
246,Greece,2010,862.82,0.05501143269383624
247,Greece,2011,862.82,0.0
248,Greece,2012,876.62,0.015994065969727078
249,Greece,2013,683.76,-0.22000410668248505
250,Greece,2014,683.76,0.0
251,Greece,2015,683.76,0.0
252,Greece,2016,683.76,0.0
253,Greece,2017,683.76,0.0
254,Greece,2018,683.76,0.0
255,Greece,2019,683.76,0.0
256,Greece,2020,758.33,0.10905873405873412
257,Greece,2021,758.33,0.0
258,Greece,2022,773.5,0.02000448353619122
259,Spain,1999,485.71,
260,Spain,2000,495.6,0.02036194437009753
261,Spain,2001,505.69,0.02035916061339793
262,Spain,2002,515.9,0.020190235124285527
263,Spain,2003,526.4,0.020352781546811416
264,Spain,2004,537.25,0.020611702127659726
265,Spain,2005,598.5,0.1140065146579805
266,Spain,2006,631.05,0.05438596491228065
267,Spain,2007,665.7,0.05490848585690533
268,Spain,2008,700.0,0.05152471083070442
269,Spain,2009,728.0,0.040000000000000036
270,Spain,2010,738.85,0.014903846153846212
271,Spain,2011,748.3,0.01279014684983415
272,Spain,2012,748.3,0.0
273,Spain,2013,752.85,0.006080449017773715
274,Spain,2014,752.85,0.0
275,Spain,2015,756.7,0.005113900511390046
276,Spain,2016,764.4,0.010175763182238562
277,Spain,2017,825.65,0.08012820512820507
278,Spain,2018,858.55,0.03984739296312001
279,Spain,2019,1050.0,0.222992254382389
280,Spain,2020,1108.33,0.0555523809523808
281,Spain,2021,1108.33,0.0
282,Spain,2022,1125.83,0.015789521171492238
283,Finland,1999,,
284,Finland,2000,,
285,Finland,2001,,
286,Finland,2002,,
287,Finland,2003,,
288,Finland,2004,,
289,Finland,2005,,
290,Finland,2006,,
291,Finland,2007,,
292,Finland,2008,,
293,Finland,2009,,
294,Finland,2010,,
295,Finland,2011,,
296,Finland,2012,,
297,Finland,2013,,
298,Finland,2014,,
299,Finland,2015,,
300,Finland,2016,,
301,Finland,2017,,
302,Finland,2018,,
303,Finland,2019,,
304,Finland,2020,,
305,Finland,2021,,
306,France,1999,1035.97,
307,France,2000,1049.49,0.013050570962479524
308,France,2001,1083.29,0.03220611916264082
309,France,2002,1127.23,0.040561622464898583
310,France,2003,1154.27,0.02398800599700146
311,France,2004,1215.11,0.052708638360175586
312,France,2005,1286.09,0.05841446453407517
313,France,2006,1217.88,-0.05303672371295931
314,France,2007,1254.28,0.029888002102013145
315,France,2008,1280.07,0.02056159709155847
316,France,2009,1321.02,0.031990438022920564
317,France,2010,1343.77,0.017221540930492996
318,France,2011,1365.0,0.015798834621996383
319,France,2012,1398.37,0.024446886446886307
320,France,2013,1430.22,0.022776518374965304
321,France,2014,1445.38,0.010599767867880416
322,France,2015,1457.52,0.008399175303380302
323,France,2016,1466.62,0.006243482079148155
324,France,2017,1480.27,0.009307114317273824
325,France,2018,1498.47,0.01229505428063793
326,France,2019,1521.22,0.015182152462178022
327,France,2020,1539.42,0.011964081460932752
328,France,2021,1554.58,0.0098478647802418
329,France,2022,1603.12,0.031223867539785566
330,Croatia,1999,,
331,Croatia,2000,,
332,Croatia,2001,,
333,Croatia,2002,,
334,Croatia,2003,,
335,Croatia,2004,,
336,Croatia,2005,,
337,Croatia,2006,,
338,Croatia,2007,,
339,Croatia,2008,,
340,Croatia,2009,373.46,
341,Croatia,2010,385.48,0.03218550848819168
342,Croatia,2011,381.15,-0.011232748780740986
343,Croatia,2012,373.36,-0.020438147710874932
344,Croatia,2013,372.35,-0.0027051639168630404
345,Croatia,2014,395.67,0.06262924667651393
346,Croatia,2015,395.61,-0.0001516415194480203
347,Croatia,2016,408.48,0.03253203912944569
348,Croatia,2017,433.35,0.060884253819036394
349,Croatia,2018,462.34,0.06689742702203749
350,Croatia,2019,505.9,0.09421637755764167
351,Croatia,2020,546.07,0.07940304407985788
352,Croatia,2021,562.77,0.030582159796362918
353,Croatia,2022,623.7,0.10826803134495444
354,Hungary,1999,89.15,
355,Hungary,2000,100.12,0.12305103757711722
356,Hungary,2001,150.94,0.5075908909308828
357,Hungary,2002,203.93,0.3510666489996026
358,Hungary,2003,211.6,0.0376109449320845
359,Hungary,2004,201.9,-0.04584120982986761
360,Hungary,2005,231.74,0.14779593858345708
361,Hungary,2006,247.16,0.06654008802968847
362,Hungary,2007,260.16,0.05259750768732818
363,Hungary,2008,271.94,0.04527982779827777
364,Hungary,2009,268.09,-0.014157534750312673
365,Hungary,2010,271.8,0.013838636278861616
366,Hungary,2011,280.63,0.03248712288447386
367,Hungary,2012,295.63,0.05345116345365786
368,Hungary,2013,335.27,0.13408652707776603
369,Hungary,2014,341.7,0.01917857249381094
370,Hungary,2015,332.76,-0.026163301141352013
371,Hungary,2016,351.29,0.05568577954081033
372,Hungary,2017,411.52,0.17145378462239158
373,Hungary,2018,444.69,0.08060361586314158
374,Hungary,2019,464.2,0.043873260023836735
375,Hungary,2020,487.1,0.04933218440327458
376,Hungary,2021,442.44,-0.09168548552658595
377,Hungary,2022,541.73,0.22441460989060658
378,Ireland,1999,,
379,Ireland,2000,,
380,Ireland,2001,944.71,
381,Ireland,2002,1008.93,0.06797853309481217
382,Ireland,2003,1073.15,0.06365159128978237
383,Ireland,2004,1073.15,0.0
384,Ireland,2005,1183.0,0.10236220472440927
385,Ireland,2006,1292.85,0.09285714285714275
386,Ireland,2007,1402.7,0.08496732026143805
387,Ireland,2008,1461.85,0.04216867469879504
388,Ireland,2009,1461.85,0.0
389,Ireland,2010,1461.85,0.0
390,Ireland,2011,1461.85,0.0
391,Ireland,2012,1461.85,0.0
392,Ireland,2013,1461.85,0.0
393,Ireland,2014,1461.85,0.0
394,Ireland,2015,1461.85,0.0
395,Ireland,2016,1546.35,0.05780346820809257
396,Ireland,2017,1563.25,0.010928961748633892
397,Ireland,2018,1613.95,0.032432432432432545
398,Ireland,2019,1656.2,0.02617801047120416
399,Ireland,2020,1656.2,0.0
400,Ireland,2021,1723.8,0.04081632653061229
401,Ireland,2022,1774.5,0.02941176470588247
402,Iceland,1999,,
403,Iceland,2000,,
404,Iceland,2001,,
405,Iceland,2002,,
406,Iceland,2003,,
407,Iceland,2004,,
408,Iceland,2005,,
409,Iceland,2006,,
410,Iceland,2007,,
411,Iceland,2008,,
412,Iceland,2009,,
413,Iceland,2010,,
414,Iceland,2011,,
415,Iceland,2012,,
416,Iceland,2013,,
417,Iceland,2014,,
418,Iceland,2015,,
419,Iceland,2016,,
420,Iceland,2017,,
421,Iceland,2018,,
422,Iceland,2019,,
423,Iceland,2020,,
424,Iceland,2021,,
425,Italy,1999,,
426,Italy,2000,,
427,Italy,2001,,
428,Italy,2002,,
429,Italy,2003,,
430,Italy,2004,,
431,Italy,2005,,
432,Italy,2006,,
433,Italy,2007,,
434,Italy,2008,,
435,Italy,2009,,
436,Italy,2010,,
437,Italy,2011,,
438,Italy,2012,,
439,Italy,2013,,
440,Italy,2014,,
441,Italy,2015,,
442,Italy,2016,,
443,Italy,2017,,
444,Italy,2018,,
445,Italy,2019,,
446,Italy,2020,,
447,Italy,2021,,
448,Lithuania,1999,92.14,
449,Lithuania,2000,107.05,0.16181897113088772
450,Lithuania,2001,115.5,0.07893507706679115
451,Lithuania,2002,122.06,0.056796536796536845
452,Lithuania,2003,124.55,0.02039980337538916
453,Lithuania,2004,130.34,0.04648735447611396
454,Lithuania,2005,144.81,0.11101733926653368
455,Lithuania,2006,159.29,0.09999309439955795
456,Lithuania,2007,173.77,0.09090338376545937
457,Lithuania,2008,231.7,0.33337169822178736
458,Lithuania,2009,231.7,0.0
459,Lithuania,2010,231.7,0.0
460,Lithuania,2011,231.7,0.0
461,Lithuania,2012,231.7,0.0
462,Lithuania,2013,289.62,0.24997842037116969
463,Lithuania,2014,289.62,0.0
464,Lithuania,2015,300.0,0.03584006629376413
465,Lithuania,2016,350.0,0.16666666666666674
466,Lithuania,2017,380.0,0.08571428571428563
467,Lithuania,2018,400.0,0.05263157894736836
468,Lithuania,2019,555.0,0.38749999999999996
469,Lithuania,2020,607.0,0.09369369369369362
470,Lithuania,2021,642.0,0.05766062602965394
471,Lithuania,2022,730.0,0.1370716510903427
472,Luxembourg,1999,1162.08,
473,Luxembourg,2000,1191.13,0.024998278948093144
474,Luxembourg,2001,1258.75,0.05676962212352965
475,Luxembourg,2002,1290.21,0.024993048659384343
476,Luxembourg,2003,1368.74,0.060866060563784075
477,Luxembourg,2004,1402.96,0.02500109589841748
478,Luxembourg,2005,1466.77,0.04548240862177111
479,Luxembourg,2006,1503.42,0.024986875924650764
480,Luxembourg,2007,1570.28,0.04447193731625232
481,Luxembourg,2008,1570.28,0.0
482,Luxembourg,2009,1641.74,0.04550780752477257
483,Luxembourg,2010,1682.76,0.02498568591859862
484,Luxembourg,2011,1757.56,0.04445078323706286
485,Luxembourg,2012,1801.49,0.024994879264434777
486,Luxembourg,2013,1874.19,0.0403554835164226
487,Luxembourg,2014,1921.03,0.024992129933464557
488,Luxembourg,2015,1922.96,0.0010046693700775933
489,Luxembourg,2016,1922.96,0.0
490,Luxembourg,2017,1998.59,0.03932999126346881
491,Luxembourg,2018,1998.59,0.0
492,Luxembourg,2019,2089.75,0.0456121565703822
493,Luxembourg,2020,2141.99,0.024998205526976847
494,Luxembourg,2021,2201.93,0.027983323918412406
495,Luxembourg,2022,2256.95,0.02498717034601472
496,Latvia,1999,75.18,
497,Latvia,2000,85.02,0.1308858739026335
498,Latvia,2001,86.75,0.020348153375676414
499,Latvia,2002,107.86,0.24334293948126806
500,Latvia,2003,114.01,0.05701835712961256
501,Latvia,2004,118.96,0.04341724410139447
502,Latvia,2005,114.63,-0.03639878950907871
503,Latvia,2006,129.27,0.12771525778591997
504,Latvia,2007,172.12,0.3314767540806065
505,Latvia,2008,229.75,0.3348245410178945
506,Latvia,2009,254.13,0.10611534276387369
507,Latvia,2010,253.77,-0.0014165978042733895
508,Latvia,2011,281.93,0.11096662332032947
509,Latvia,2012,285.92,0.014152449189515082
510,Latvia,2013,286.66,0.0025881365416899893
511,Latvia,2014,320.0,0.11630503034954298
512,Latvia,2015,360.0,0.125
513,Latvia,2016,370.0,0.02777777777777768
514,Latvia,2017,380.0,0.027027027027026973
515,Latvia,2018,430.0,0.13157894736842102
516,Latvia,2019,430.0,0.0
517,Latvia,2020,430.0,0.0
518,Latvia,2021,500.0,0.16279069767441867
519,Latvia,2022,500.0,0.0
520,Montenegro,2014,288.05,
521,Montenegro,2015,288.05,0.0
522,Montenegro,2016,288.05,0.0
523,Montenegro,2017,288.05,0.0
524,Montenegro,2018,288.05,0.0
525,Montenegro,2019,288.05,0.0
526,Montenegro,2020,331.33,0.1502516924145112
527,Montenegro,2021,331.33,0.0
528,Montenegro,2022,532.54,0.6072797513053452
529,North Macedonia,1999,,
530,North Macedonia,2000,,
531,North Macedonia,2001,,
532,North Macedonia,2002,,
533,North Macedonia,2003,,
534,North Macedonia,2004,,
535,North Macedonia,2005,,
536,North Macedonia,2006,,
537,North Macedonia,2007,,
538,North Macedonia,2008,,
539,North Macedonia,2009,,
540,North Macedonia,2010,,
541,North Macedonia,2011,,
542,North Macedonia,2013,199.48,
543,North Macedonia,2014,213.62,0.07088429917786243
544,North Macedonia,2015,213.72,0.0004681209624566307
545,North Macedonia,2016,227.06,0.06241811716264278
546,North Macedonia,2017,240.89,0.060909010834140576
547,North Macedonia,2018,278.58,0.15646145543609125
548,North Macedonia,2019,341.44,0.22564433914853899
549,North Macedonia,2020,343.28,0.005388940955951105
550,North Macedonia,2021,352.97,0.028227685854113505
551,Malta,1999,464.93,
552,Malta,2000,505.05,0.08629256017034814
553,Malta,2001,530.42,0.05023265023265022
554,Malta,2002,557.45,0.05095961690735651
555,Malta,2003,550.53,-0.012413669387389081
556,Malta,2004,540.84,-0.017601220641926818
557,Malta,2005,555.06,0.026292433991568442
558,Malta,2006,584.24,0.052570893236767224
559,Malta,2007,601.9,0.030227303847733644
560,Malta,2008,617.21,0.025436118956637443
561,Malta,2009,634.88,0.028628829733801986
562,Malta,2010,659.92,0.039440524193548265
563,Malta,2011,664.95,0.00762213601648698
564,Malta,2012,685.14,0.03036318520189485
565,Malta,2013,702.82,0.02580494497474972
566,Malta,2014,717.95,0.021527560399533296
567,Malta,2015,720.46,0.003496065185597974
568,Malta,2016,728.04,0.010521055992005035
569,Malta,2017,735.63,0.010425251359815535
570,Malta,2018,747.54,0.01619020431466911
571,Malta,2019,761.97,0.019303314872782806
572,Malta,2020,777.1,0.019856424793627037
573,Malta,2021,784.68,0.00975421438682278
574,Malta,2022,792.26,0.009659988785237328
575,Netherlands,1999,1064.2,
576,Netherlands,2000,1092.0,0.026122909227588753
577,Netherlands,2001,1154.5,0.05723443223443225
578,Netherlands,2002,1206.6,0.045127760935469885
579,Netherlands,2003,1249.2,0.03530581800099464
580,Netherlands,2004,1264.8,0.012487992315081575
581,Netherlands,2005,1264.8,0.0
582,Netherlands,2006,1272.6,0.006166982922201081
583,Netherlands,2007,1300.8,0.02215935879302222
584,Netherlands,2008,1335.0,0.0262915129151291
585,Netherlands,2009,1381.2,0.034606741573033784
586,Netherlands,2010,1407.6,0.019113814074717572
587,Netherlands,2011,1424.4,0.011935208866155289
588,Netherlands,2012,1446.6,0.015585509688289756
589,Netherlands,2013,1469.4,0.0157610949813356
590,Netherlands,2014,1485.6,0.011024908125765398
591,Netherlands,2015,1501.8,0.010904684975767465
592,Netherlands,2016,1524.6,0.015181781861765886
593,Netherlands,2017,1551.6,0.017709563164108655
594,Netherlands,2018,1578.0,0.017014694508894035
595,Netherlands,2019,1615.8,0.023954372623574027
596,Netherlands,2020,1653.6,0.023393984404010304
597,Netherlands,2021,1684.8,0.018867924528301883
598,Netherlands,2022,1725.0,0.023860398860398924
599,Norway,1999,,
600,Norway,2000,,
601,Norway,2001,,
602,Norway,2002,,
603,Norway,2003,,
604,Norway,2004,,
605,Norway,2005,,
606,Norway,2006,,
607,Norway,2007,,
608,Norway,2008,,
609,Norway,2009,,
610,Norway,2010,,
611,Norway,2011,,
612,Norway,2012,,
613,Norway,2013,,
614,Norway,2014,,
615,Norway,2015,,
616,Norway,2016,,
617,Norway,2017,,
618,Norway,2018,,
619,Norway,2019,,
620,Norway,2020,,
621,Norway,2021,,
622,Poland,1999,158.94,
623,Poland,2000,161.11,0.013652950799043717
624,Poland,2001,197.41,0.2253118987027496
625,Poland,2002,217.43,0.1014133022643231
626,Poland,2003,198.96,-0.08494687945545687
627,Poland,2004,175.25,-0.11916968234821068
628,Poland,2005,207.86,0.18607703281027121
629,Poland,2006,232.9,0.12046569806600593
630,Poland,2007,244.32,0.049033920137397935
631,Poland,2008,313.34,0.28249836280288143
632,Poland,2009,307.21,-0.019563413544392616
633,Poland,2010,320.87,0.04446469841476519
634,Poland,2011,348.68,0.08667061426746026
635,Poland,2012,336.47,-0.035017781346793564
636,Poland,2013,392.73,0.1672065860255001
637,Poland,2014,404.4,0.029715071423114914
638,Poland,2015,409.53,0.012685459940652732
639,Poland,2016,433.88,0.059458403535760596
640,Poland,2017,453.48,0.04517378076887635
641,Poland,2018,502.75,0.10864867248831267
642,Poland,2019,523.09,0.040457483838886255
643,Poland,2020,610.79,0.16765757326655062
644,Poland,2021,614.08,0.005386466707051563
645,Poland,2022,654.79,0.0662942939030744
646,Portugal,1999,356.72,
647,Portugal,2000,371.27,0.04078829333931355
648,Portugal,2001,389.89,0.05015218035392044
649,Portugal,2002,406.01,0.04134499474210673
650,Portugal,2003,416.03,0.024679195093716855
651,Portugal,2004,425.95,0.023844434295603678
652,Portugal,2005,437.15,0.02629416598192269
653,Portugal,2006,449.98,0.029349193640626936
654,Portugal,2007,470.17,0.044868660829370244
655,Portugal,2008,497.0,0.05706446604419679
656,Portugal,2009,525.0,0.05633802816901401
657,Portugal,2010,554.17,0.0555619047619047
658,Portugal,2011,565.83,0.021040474944511667
659,Portugal,2012,565.83,0.0
660,Portugal,2013,565.83,0.0
661,Portugal,2014,565.83,0.0
662,Portugal,2015,589.17,0.041249138433804955
663,Portugal,2016,618.33,0.049493355058811694
664,Portugal,2017,649.83,0.05094367085536855
665,Portugal,2018,676.67,0.0413031100441652
666,Portugal,2019,700.0,0.03447766267161256
667,Portugal,2020,740.83,0.05832857142857151
668,Portugal,2021,775.83,0.047244307060999136
669,Portugal,2022,822.5,0.06015493084825274
670,Romania,1999,27.31,
671,Romania,2000,24.53,-0.1017942145734162
672,Romania,2001,41.42,0.6885446392172849
673,Romania,2002,50.33,0.2151134717527763
674,Romania,2003,71.15,0.41366977945559325
675,Romania,2004,68.03,-0.04385101897399868
676,Romania,2005,78.7,0.15684256945465247
677,Romania,2006,89.67,0.1393900889453621
678,Romania,2007,115.27,0.2854912456785992
679,Romania,2008,138.59,0.20230762557473758
680,Romania,2009,149.16,0.07626812901363733
681,Romania,2010,141.63,-0.05048270313757042
682,Romania,2011,157.2,0.10993433594577406
683,Romania,2012,161.91,0.029961832061068838
684,Romania,2013,157.5,-0.027237354085603127
685,Romania,2014,190.11,0.20704761904761915
686,Romania,2015,217.5,0.14407448319394023
687,Romania,2016,232.1,0.06712643678160912
688,Romania,2017,275.39,0.18651443343386465
689,Romania,2018,407.86,0.4810269072951088
690,Romania,2019,446.02,0.0935615162065413
691,Romania,2020,466.23,0.045311869422896
692,Romania,2021,458.07,-0.01750209124251989
693,Romania,2022,515.26,0.12484991376863808
694,Serbia,2003,101.46,
695,Serbia,2004,115.95,0.14281490242460082
696,Serbia,2005,124.7,0.07546356188012071
697,Serbia,2006,137.95,0.10625501202886922
698,Serbia,2007,161.97,0.17412105835447633
699,Serbia,2008,208.37,0.2864728036056061
700,Serbia,2009,232.99,0.11815520468397556
701,Serbia,2010,222.37,-0.045581355422979586
702,Serbia,2011,212.88,-0.04267662004766837
703,Serbia,2012,229.99,0.08037391957910556
704,Serbia,2013,239.24,0.040219139962607064
705,Serbia,2014,235.3,-0.01646881792342414
706,Serbia,2015,235.04,-0.0011049723756907381
707,Serbia,2016,233.53,-0.006424438393464849
708,Serbia,2017,247.93,0.06166231319316573
709,Serbia,2018,285.41,0.15117170168999317
710,Serbia,2019,308.03,0.07925440594232835
711,Serbia,2020,344.43,0.11817030808687479
712,Serbia,2021,366.04,0.06274134076590321
713,Serbia,2022,401.36,0.09649218664626824
714,Sweden,1999,,
715,Sweden,2000,,
716,Sweden,2001,,
717,Sweden,2002,,
718,Sweden,2003,,
719,Sweden,2004,,
720,Sweden,2005,,
721,Sweden,2006,,
722,Sweden,2007,,
723,Sweden,2008,,
724,Sweden,2009,,
725,Sweden,2010,,
726,Sweden,2011,,
727,Sweden,2012,,
728,Sweden,2013,,
729,Sweden,2014,,
730,Sweden,2015,,
731,Sweden,2016,,
732,Sweden,2017,,
733,Sweden,2018,,
734,Sweden,2019,,
735,Sweden,2020,,
736,Sweden,2021,,
737,Slovenia,1999,361.33,
738,Slovenia,2000,373.35,0.0332659895386489
739,Slovenia,2001,395.33,0.058872371769117304
740,Slovenia,2002,432.63,0.09435155439759191
741,Slovenia,2003,450.31,0.04086632919584865
742,Slovenia,2004,470.99,0.045923919077968556
743,Slovenia,2005,490.07,0.040510414233847714
744,Slovenia,2006,511.9,0.044544656885751044
745,Slovenia,2007,521.8,0.019339714788044526
746,Slovenia,2008,538.53,0.03206209275584526
747,Slovenia,2009,589.19,0.0940708967002768
748,Slovenia,2010,597.43,0.01398530185508906
749,Slovenia,2011,748.1,0.2521969100982544
750,Slovenia,2012,763.06,0.019997326560620143
751,Slovenia,2013,783.66,0.026996566456110926
752,Slovenia,2014,789.15,0.007005589158563641
753,Slovenia,2015,790.73,0.0020021542165622463
754,Slovenia,2016,790.73,0.0
755,Slovenia,2017,804.96,0.017996028985873824
756,Slovenia,2018,842.79,0.046996124031007724
757,Slovenia,2019,886.63,0.05201770310516274
758,Slovenia,2020,940.58,0.060848380948084424
759,Slovenia,2021,1024.24,0.08894511896914659
760,Slovenia,2022,1074.43,0.04900218698742487
761,Slovak Republic,1999,69.43,
762,Slovak Republic,2000,94.34,0.3587786259541983
763,Slovak Republic,2001,100.15,0.06158575365698549
764,Slovak Republic,2002,115.01,0.14837743384922608
765,Slovak Republic,2003,134.21,0.1669420050430397
766,Slovak Republic,2004,147.68,0.10036509947097838
767,Slovak Republic,2005,167.76,0.13596966413867806
768,Slovak Republic,2006,182.15,0.08577730090605629
769,Slovak Republic,2007,220.71,0.21169365907219317
770,Slovak Republic,2008,241.19,0.09279144578859122
771,Slovak Republic,2009,295.5,0.22517517310004553
772,Slovak Republic,2010,307.7,0.04128595600676821
773,Slovak Republic,2011,317.0,0.030224244393890265
774,Slovak Republic,2012,327.0,0.03154574132492116
775,Slovak Republic,2013,337.7,0.0327217125382262
776,Slovak Republic,2014,352.0,0.04234527687296419
777,Slovak Republic,2015,380.0,0.07954545454545459
778,Slovak Republic,2016,405.0,0.06578947368421062
779,Slovak Republic,2017,435.0,0.07407407407407418
780,Slovak Republic,2018,480.0,0.10344827586206895
781,Slovak Republic,2019,520.0,0.08333333333333326
782,Slovak Republic,2020,580.0,0.11538461538461542
783,Slovak Republic,2021,623.0,0.07413793103448274
784,Slovak Republic,2022,646.0,0.036918138041733606
785,Turkey,1999,213.51,
786,Turkey,2000,201.62,-0.05568825816121015
787,Turkey,2001,224.17,0.1118440630889792
788,Turkey,2002,174.87,-0.2199223803363518
789,Turkey,2003,176.06,0.006805055183850772
790,Turkey,2004,238.77,0.3561853913438602
791,Turkey,2005,266.15,0.11467102232273718
792,Turkey,2006,333.46,0.2529024985910202
793,Turkey,2007,301.77,-0.09503388712289329
794,Turkey,2008,354.34,0.1742055207608444
795,Turkey,2009,309.94,-0.12530338093356652
796,Turkey,2010,338.33,0.09159837387881531
797,Turkey,2011,384.89,0.13761711938048649
798,Turkey,2012,362.84,-0.05728909558575179
799,Turkey,2013,415.52,0.1451879616359828
800,Turkey,2014,361.76,-0.12938005390835583
801,Turkey,2015,424.26,0.17276647501105713
802,Turkey,2016,518.5,0.22212794041389716
803,Turkey,2017,479.47,-0.07527483124397294
804,Turkey,2018,446.4,-0.06897198990552078
805,Turkey,2019,422.26,-0.05407706093189957
806,Turkey,2020,440.29,0.04269881115900165
807,Turkey,2021,392.57,-0.10838311113129984
808,Turkey,2022,328.49,-0.16323203505107364
809,United Kingdom,1999,,
810,United Kingdom,2000,952.23,
811,United Kingdom,2001,977.41,0.026443191245812514
812,United Kingdom,2002,1109.29,0.1349280240635966
813,United Kingdom,2003,1063.8,-0.04100821246022235
814,United Kingdom,2004,1054.2,-0.009024252679074918
815,United Kingdom,2005,1134.67,0.0763327641813698
816,United Kingdom,2006,1212.61,0.06868957494249406
817,United Kingdom,2007,1314.97,0.08441296047368918
818,United Kingdom,2008,1242.24,-0.05530924659878178
819,United Kingdom,2009,995.28,-0.1988021638330758
820,United Kingdom,2010,1076.46,0.08156498673740065
821,United Kingdom,2011,1136.22,0.05551530015049333
822,United Kingdom,2012,1201.96,0.05785851331608316
823,United Kingdom,2013,1249.85,0.03984325601517513
824,United Kingdom,2014,1251.05,0.000960115213825663
825,United Kingdom,2015,1378.87,0.10217017705127684
826,United Kingdom,2016,1512.36,0.09681115696186016
827,United Kingdom,2017,1393.4,-0.07865852045809185
828,United Kingdom,2018,1399.86,0.004636141811396488
829,United Kingdom,2019,1453.28,0.03816095895303828
830,United Kingdom,2020,1598.69,0.10005642408895743
831,United States,1999,765.12,
832,United States,2000,888.58,0.16136030949393554
833,United States,2001,959.34,0.07963267235364291
834,United States,2002,1012.9,0.05583004982592188
835,United States,2003,851.22,-0.15962089051239015
836,United States,2004,706.79,-0.16967411479993433
837,United States,2005,655.36,-0.07276560222979944
838,United States,2006,756.69,0.1546173095703125
839,United States,2007,677.81,-0.1042434814785449
840,United States,2008,688.81,0.016228736666617394
841,United States,2009,815.79,0.1843469171469636
842,United States,2010,872.32,0.0692947940033588
843,United States,2011,940.48,0.07813646368305216
844,United States,2012,971.22,0.032685437223545444
845,United States,2013,952.46,-0.01931591194580007
846,United States,2014,911.22,-0.04329840623228276
847,United States,2015,1035.06,0.13590570882992026
848,United States,2016,1154.28,0.11518172859544373
849,United States,2017,1192.17,0.032825657552760346
850,United States,2018,1047.83,-0.12107333685632093
851,United States,2019,1097.53,0.04743135814015642
852,United States,2020,1118.63,0.019224987016300377
853,United States,2021,1024.09,-0.08451409313177738
854,United States,2022,1109.54,0.08343993203722344
